구분,명칭,소재지,행정동,연락처
교회,가까운교회,서울시 강동구 아리수로98길 25 2층(강일동),강일동,02-470-8291
교회,강일교회,서울시 강동구 아리수로93길 91(강일동),강일동,02-429-0898
교회,강일주사랑교회,서울시 강동구 아리수로93길 38 (강일동),강일동,02-478-9400
교회,대명교회,서울시 강동구 아리수로94길 91(강일동),강일동,02-481-2040
교회,동광교회,서울시 강동구 고덕로 459(강일동),강일동,02-428-6822
교회,동부교회,서울시 강동구 아리수로93가길 34(강일동),강일동,02-441-3003
교회,보라성교회,서울시 강동구 상일로12길 83 (강일동),강일동,02-442-1677
교회,성민교회,서울시 강동구 청뜰로 34(강일동),강일동,02-3427-0694
교회,수림교회,서울시 강동구 상일로 136(강일동),강일동,02-441-3217
교회,아름다운강일교회,서울시 강동구 아리수로94길 19(강일동),강일동,02-442-0191
교회,하늘나루교회,서울시 강동구 고덕로97길 20(강일동),강일동,
교회,행복한 우리교회,서울시 강동구 아리수로94길 72-1 (강일동),강일동,02-477-3436
교회,대광교회,서울시 강동구 고덕로 97길 89번지,강일동,02-441-5410
교회,갈릴리,서울시 강동구 고덕로61길 126 (고덕동),고덕동,02-441-5191
교회,길벗,"서울시 강동구 동남로81길 26, 3층 (고덕동)",고덕동,02-426-8291
교회,명덕,서울시 강동구 고덕로61길 34 (고덕동),고덕동,02-426-7470
교회,새암,서울시 강동구 고덕로55길 70 (고덕동),고덕동,
교회,성대,서울시 강동구 아리수로64길 42 (고덕동),고덕동,02-3426-7543
교회,성도,서울시 강동구 양재대로 1706 (고덕동),고덕동,02-426-7498
교회,열린,서울시 강동구 동남로85길 90 (고덕동),고덕동,
교회,창대,서울시 강동구 동남로83길 83 (고덕동),고덕동,02-481-9469
교회,하중영어제자,서울시 강동구 동남로81길 54 (고덕동),고덕동,02-481-0531
교회,한사랑,서울시 강동구 동남로85길 33 (고덕동),고덕동,02-426-0591
교회,다사랑교회,서울시 강동구 동남로82길 139 (고덕동),고덕동,02-488-6691
교회,대양교회,서울시 강동구 고덕로83길 51 (고덕동),고덕동,02-429-0900
교회,민들레교회,서울시 강동구 동남로82길 89 (고덕동),고덕동,02-427-7716
교회,선교교회,서울시 강동구 동남로82길 111 (고덕동),고덕동,02-427-0174
교회,성언교회,서울시 강동구 상일로 145 (고덕동),고덕동,02-427-0458
교회,은혜교회,서울시 강동구 동남로82길 7-16 (고덕동),고덕동,02-442-0726
교회,푸른사랑의교회,"서울시 강동구 동남로 964(고덕동,서울컨벤션고등학교 내)",고덕동,02-429-9179
교회,푸른초장,서울시 고덕로83길 132,고덕동,
교회,한동,서울시 강동구 고덕동 233-1,고덕동,
교회,광명교회,서울시 강동구 양재대로116길 30(길동),길동,02-484-1183
교회,광진교회,서울시 강동구 명일로 230-17(길동),길동,02-487-3607
교회,구세군강동교회,서울시 강동구 천중로 250(길동),길동,02-477-0939
교회,길동교회,서울시 강동구 양재대로110길 47-1(길동),길동,02-471-0991
교회,길신교회,서울시 강동구 양재대로122가길 7(길동),길동,02-488-7422
교회,동명교회,서울시 강동구 양재대로124길 40(길동),길동,
교회,동서울가나안교회,서울시 강동구 천중로 184(길동),길동,
교회,동원교회,서울시 강동구 천중로 246(길동),길동,02-471-9286
교회,동함교회,서울시 강동구 명일로 244(길동),길동,02-489-0338
교회,믿음교회,서울시 강동구 양재대로115길 49(길동),길동,
교회,반석제일교회,서울시 강동구 천중로49길 32-10(길동),길동,02-478-2733
교회,복된교회,서울시 강동구 명일로 276-12(길동),길동,
교회,새누리교회,서울시 강동구 천중로 214(길동),길동,02-470-7130
교회,새하늘교회,서울시 강동구 양재대로115길 56(길동),길동,
교회,성림교회,서울시 강동구 천중로40길 18(길동),길동,02-486-7680
교회,성지교회,서울시 강동구 천중로52길 3(길동),길동,02-477-3171
교회,세계선교교회,서울시 강동구 양재대로124길 20(길동),길동,
교회,세움교회,서울시 강동구 천중로51길 70(길동),길동,
교회,소망교회,서울시 강동구 천중로49가길 27-16(길동),길동,
교회,순복음 서동연교회,서울시 강동구 양재대로113길 8(길동),길동,
교회,시온성교회,서울시 강동구 천중로52길 12(길동),길동,
교회,신광교회,서울시 강동구 천중로 250(길동),길동,
교회,신명교회,서울시 강동구 명일로 237(길동),길동,02-488-8217
교회,아름다운교회,서울시 강동구 명일로 267(길동),길동,02-485-4742
교회,아멘교회,서울시 강동구 천중로49길 32-17(길동),길동,02-471-0191
교회,아시안교회,서울시 강동구 천중로 250(길동),길동,
교회,안디옥교회,서울시 강동구 양재대로124길 20(길동),길동,02-483-6640
교회,어린양교회,서울시 강동구 천호대로 1195(길동),길동,02-477-1515
교회,열린문교회,서울시 강동구 성안로 196(길동),길동,
교회,열린문교회,서울시 강동구 명일로 221-1(길동),길동,
교회,예원교회,서울시 강동구 명일로 275(길동),길동,02-482-4416
교회,예은장로교회,서울시 강동구 천호대로191길 6(길동),길동,02-483-4203
교회,예현교회,서울시 강동구 천중로51길 61(길동),길동,
교회,왕성교회,서울시 강동구 양재대로115길 28(길동),길동,
교회,은성교회,서울시 강동구 천중로53길 9(길동),길동,02-473-4242
교회,은평교회,서울시 강동구 명일로 199-5(길동),길동,02-484-2064
교회,임마누엘교회,서울시 강동구 명일로 262(길동),길동,02-414-1659
교회,제자도교회,서울시 강동구 양재대로124길 80(길동),길동,
교회,주민영광의교회,서울시 강동구 천중로54길 29-9(길동),길동,
교회,주찬양교회,서울시 강동구 천중로 227(길동),길동,
교회,천호교회,서울시 강동구 양재대로124길 40(길동),길동,02-485-9879
교회,천호동성결교회,서울시 강동구 양재대로111길 51(길동),길동,02-477-3131
교회,풍성한교회,서울시 강동구 양재대로115길 40(길동),길동,
교회,하나님의 교회,서울시 강동구 명일로 207(길동),길동,
교회,한움장로교회,서울시 강동구 명일로 273(길동),길동,02-477-7835
교회,행복한교회,서울시 강동구 천호대로 1239(길동),길동,02-487-7326
교회,현대인교회,서울시 강동구 천중로 250(길동),길동,
교회,생명,서울시 강동구 길동 343-5,길동,
교회,예일교회,서울시 강동구 길동397-3,길동,
교회,새서울교회,서울시 강동구동남로43길 36(둔촌동),둔촌동,02-476-9191
교회,천우교회,서울시 강동구양재대로84길 21(둔촌동),둔촌동,02-484-7533
교회,가나안축복교회,서울시 강동구 명일로 166(둔촌동),둔촌동,02-483-0185
교회,고천교회,"서울시 강동구 풍성로65길 36, 2층(둔촌동, 현대2차상가)",둔촌동,
교회,금성감리교회,서울시강동구 천호대로188길 25(둔촌동),둔촌동,02-478-5022
교회,금촛대교회,"서울시 강동구 천호대로 1162(둔촌동, 세양빌딩)",둔촌동,02-471-6020
교회,녹원교회,서울시 강동구 진황도로 148(둔촌동),둔촌동,02-488-6945
교회,둔촌감리교회,서울시 강동구 양재대로98길 21(둔촌동),둔촌동,02-477-0191
교회,둔촌교회,"서울시 강동구 진황도로 214, 2층(둔촌동, 신성둔촌미소지움상가)",둔촌동,
교회,둔촌교회,서울시 강동구 진황도로 161(둔촌동),둔촌동,
교회,둔촌동교회,서울시 풍성로65길 15(둔촌동),둔촌동,02-476-7820
교회,물댄동상교회,서울시 강동구 명일로10길 23(둔촌동),둔촌동,02-484-3260
교회,반석교회,서울시 강동구 천호대로 182길 23(둔촌동),둔촌동,
교회,산돌교회,"서울시 강동구 명일로 104, 4층(둔촌동, 신성둔촌미소지움상가)",둔촌동,02-444-9777
교회,새능교회,서울시 강동구 명일로13길 23(둔촌동),둔촌동,02-476-9138
교회,새예루살렘교회,"서울시 강동구 명일로 117(둔촌동, 하이츠상가빌딩)",둔촌동,02-472-8032
교회,샤론교회,서울시 강동구 양재대로 1396(둔촌동),둔촌동,
교회,선린교회,서울시 강동구 양재대로100길 13-4(둔촌동),둔촌동,
교회,성일교회,서울시 강동구 진황도로61길 19(둔촌동),둔촌동,
교회,송축교회,서울시 강동구 동남로49길 46-17(둔촌동),둔촌동,
교회,신애교회,서울시 강동구 진황도로 159(둔촌동),둔촌동,02-486-2298
교회,아멘교회,서울시 강동구 양재대로98길 36(둔촌동),둔촌동,02-487-6857
교회,안디옥교회,서울시 강동구 동남로49길 60(둔촌동),둔촌동,02-489-2184
교회,양의문교회,서울시 강동구 명일로 180(둔촌동),둔촌동,02-472-0701
교회,은혜순복음교회,"서울시 강동구 진황도로 177(둔촌동, 대광빌딩)",둔촌동,02-475-7809
교회,주향한교회,서울시 강동구 명일로 163(둔촌동),둔촌동,
교회,주현교회,"서울시 강동구 진황도로 195, 6층(둔촌동, 욱성빌딩)",둔촌동,02-471-0054
교회,진흥교회,서울시 강동구 천호대로200길 41(둔촌동),둔촌동,
교회,평강교회,서울시 강동구 명일로12길 10(둔촌동),둔촌동,02-470-1898
교회,평안교회,서울시 강동구 천호대로188길 18(둔촌동),둔촌동,02-475-9106
교회,혜본중앙교회,서울시 강동구 양재대로100길 48(둔촌동),둔촌동,02-487-0816
교회,대한교회,서울시 둔촌동 172-1 둔촌A라 상가 3층,둔촌동,
교회,충신,서울시 강동구 둔촌동 622,둔촌동,02-483-0185
교회,명성교회,서울시 강동구 구천면로452 (명일동),명일동,02-440-9102
교회,명일성결교회,서울시 강동구 고덕로 38길 33-11 (명일동),명일동,02-3426-1926
교회,삼성교회,서울시 강동구 양재대로145길 14 (명일동),명일동,02-3426-7861
교회,샘터교회,서울시 강동구 고덕로162 (명일동),명일동,02-3426-2127
교회,성덕교회,서울시 강동구 고덕로210 삼익아파트상가3층 (명일동),명일동,02-3426-3336
교회,아름다운교회,서울시 강동구 구천면로420 (명일동),명일동,02-3426-0691
교회,예심교회,서울시 강동구 양재대로1657-20 (명일동),명일동,02-428-0789
교회,향기로운교회,서울시 강동구 천중로51길 88 (명일동),명일동,02-442-9191
교회,고덕제일교회,"서울시 강동구 동남로71길 32(명일동, 환타지아빌딩 7층) ",명일동,02-428-1983
교회,벧엘교회,서울시 강동구 동남로65길 46 (명일동),명일동,
교회,새마음교회,서울시 강동구 동남로65길 17 (명일동),명일동,02-427-7634
교회,서울벧엘교회,서울시 강동구 동남로75길 13-21 (명일동),명일동,02-429-9413
교회,성령교회,서울시 강동구 동남로65길 15 (명일동),명일동,02-6439-1189
교회,성천교회,서울시 강동구 동남로67길 8 (명일동),명일동,02-481-0732
교회,소망교회,서울시 강동구 동남로65길 13 (명일동),명일동,
교회,시온교회,서울시 강동구 동남로67길 42 (7층)  (명일동),명일동,02-428-1367
교회,여의도순복음 강동교회,서울시 강동구 고덕로62길 55 (명일동),명일동,02-3426-0000
교회,영화교회,서울시 강동구 구천면로 508-1 (명일동),명일동,02-429-0291
교회,추수하는 하제교회,서울시 강동구 동남로67길 41 (명일동),명일동,
교회,늘푸른교회,서울시 강동구 천호대로 1463(상일동),상일동,02-481-8365
교회,상일교회,서울시 강동구 상일로 3길 27(상일동),상일동,02-426-0994
교회,상일평강교회,서울시 강동구 구천면로 658(상일동),상일동,02-442-5094
교회,성지교회,서울시 강동구 상일로 3길 14(상일동),상일동,02-442-1967
교회,정원교회,서울시 강동구 구천면로 636(상일동),상일동,02-427-0292
교회,한마음교회,서울시 강동구 구천면로 98길 10(상일동),상일동,
교회,흰돌교회,서울시 강동구 구천면로 93길 54(상일동),상일동,02-3426-0691
교회,광염교회,서울시 강동구 상일동 268-4,상일동,02-472-0692
교회,새생명,서울시 상일동 471-3,상일동,02-429-0191
교회,오메가,서울시 강동구 상일동 290-3,상일동,02-427-5523
교회,마라나다교회,서울시 강동구 풍성로 128 (성내동),성내동,02-475-8896
교회,목양교회,서울시 강동구 성내로14길 37 (성내동),성내동,02-487-9191
교회,북이문(천성)교회,서울시 강동구 성안로3길 13   2층 (성내동),성내동,02-484-6967
교회,서울영광교회,서울시 강동구 성내로6다길 89 (성내동),성내동,
교회,세영교회,서울시 강동구 성내로15길 10-18 (성내동),성내동,02-485-0804
교회,어울림교회,서울시 강동구 성내로8길 9-15 (성내동),성내동,02-3426-1981
교회,언약교회,서울시 강동구 풍성로 104 (성내동),성내동,02-3432-8060
교회,오빌교회,서울시 강동구 성안로7길 35 (성내동),성내동,02-471-7219
교회,평강성결교회,서울시 강동구 천호옛길 34 (성내동),성내동,
교회,한소리교회,서울시 강동구 성내로14길 42-6 (성내동),성내동,02-470-4862
교회,강동교회,서울시 강동구 천호옛길 82(성내동),성내동,02-476-8905
교회,강동성서교회,서울시 강동구 풍성로37길 44(성내동),성내동,02-488-9592
교회,광은교회,서울시 강동구 천호대로170길 27(성내동),성내동,
교회,광현교회,서울시 강동구 천호대로168가길 68(성내동),성내동,
교회,기쁨교회,서울시 강동구 천호옛14길 28(성내동 30-12),성내동,
교회,다사랑교회,서울시 강동구 풍성로37길 24(성내동),성내동,
교회,대현교회,서울시 강동구 풍성로 113(성내동),성내동,
교회,동산교회,서울시 강동구 천호옛12길 47(성내동),성내동,02-473-4047
교회,동안교회,서울시 강동구 천호옛길 76(성내동),성내동,02-489-2004
교회,목원교회,서울시 강동구 천호대로162길 11-24(성내동),성내동,02-478-7812
교회,목은교회,서울시 강동구 성안로13길 6-1(성내동),성내동,02-477-5265
교회,반석교회,서울시 강동구 천호대로168가길 14(성내동),성내동,02-482-7330
교회,새인생교회,서울시 강동구 풍성로 107(성내동),성내동,
교회,서울중심교회,서울시 강동구 천호옛14길 37(성내동),성내동,
교회,성내동교회,서울시 강동구 풍성로35길 53(성내동),성내동,
교회,소망교회,서울시 강동구 성안로 107(성내동),성내동,
교회,열린교회,서울시 강동구 천호옛12길 25(성내동 ),성내동,02-474-2329
교회,영성교회,서울시 강동구 성안로 119(성내동),성내동,02-487-0765
교회,좋은땅교회,서울시 강동구 풍성로37가길 58(성내동 235-16),성내동,
교회,한민교회,서울시 강동구 천호대로168다길 39(성내동),성내동,
교회,한양감리교회,서울시 강동구 천호대로168나길 57(성내동 ),성내동,
교회,화평교회,서울시 강동구 풍성로 107(성내동),성내동,
교회,강동룻교회,서울시 강동구 양재대로89길13(성내동),성내동,02-472-0091
교회,기쁨교회,"서울시 강동구 성안로 12 (성내동, 덕양빌딩305호)",성내동,
교회,동서울교회,서울시 강동구 양재대로91가길61-1(성내동),성내동,02-477-8010
교회,동성교회,서울시 강동구 양재대로85길83(성내동),성내동,02-476-5799
교회,동일교회,서울시 강동구 강동대로53길 35(성내동),성내동,02-475-3358
교회,둔촌동교회,서울시 강동구 양재대로1385 (성내동),성내동,02-472-1508
교회,만나교회,서울시 강동구 천호대로174길41-4(성내동),성내동,02-471-2678
교회,배영교회,서울시 강동구 천호대로176길32(성내동),성내동,02-475-7460
교회,새길교회,서울시 강동구 양재대로101길41(성내동),성내동,02-471-7710
교회,새성동교회,서울시 강동구 양재대로91나길36(성내동),성내동,02-483-9336
교회,서울제일교회,서울시 강동구 강동대로53길59(성내동),성내동,02-476-5839
교회,성립교회,서울시 강동구 양재대로 1389 (성내동),성내동,
교회,세계선교교회,서울시 강동구 양재대로103길6(성내동),성내동,02-431-1316
교회,소풍교회,서울시 강동구 풍성로56길 15(성내동),성내동,02-477-3467
교회,오륜교회,서울시 강동구 강동대로235(성내동),성내동,02-485-4004
교회,오직예수제일교회,서울시 강동구 천호대로1116(성내동),성내동,02-489-0877
교회,제자들교회,서울시 강동구 양재대로1363(성내동),성내동,02-488-9776
교회,좋은교회,서울시 강동구 양재대로91길30(성내동),성내동,02-470-8259
교회,중흥교회,서울시 강동구 강동대로55길87(성내동),성내동,02-476-4660
교회,찬양교회,서울시 강동구 강동대로53길10(성내동),성내동,02-472-7865
교회,참사랑교회,서울시 강동구 풍성로181(성내동)　,성내동,02-478-2808
교회,참좋은교회,서울시 강동구 천호대로176길33(성내동),성내동,02-483-7110
교회,창대교회,서울시 강동구 강동대로219(성내동),성내동,02-482-3536
교회,하늘샘교회,서울시 강동구 강동대로53길44(성내동),성내동,02-485-7001
교회,혜림교회,서울시 강동구 양재대로97길17(성내동),성내동,02-476-4475
교회,사랑제일,서울시 강동구 성내동 284-10,성내동,02-473-0690
교회,열방,서울시 강동구 성내동 457-6,성내동,
교회,예일,서울시 강동구 성내동 433,성내동,02-484-3956
교회,은혜교회,서울시 강동구 성내동 229-3,성내동,
교회,하늘문,"서울시 강동구 풍성로45길 7-16, 2층 (성내동)",성내동,
교회,강동교회,서울시 강동구 고덕로 100-6 (암사동),암사동,02-442-2140
교회,동암교회,서울시 강동구 고덕로 108-8 (암사동),암사동,02-429-9722
교회,명일순복음교회,서울시 강동구 암사길 97-6 (암사동),암사동,02-3427-0667
교회,밀알교회,서울시 강동구 올림픽로98가길 10 (암사동),암사동,02-481-0191
교회,반석영광교회,서울시 강동구 상암로 41동양덱스빌 3층 (암사동),암사동,02-471-5394
교회,새로운교회,서울시 강동구 올림픽로98길 30 (암사동),암사동,02-481-5481
교회,순복음 샬롬교회,서울시 강동구 올림픽로100길 30 (암사동),암사동,02-441-9002
교회,신흥교회,서울시 강동구 고덕로20길 58 (암사동),암사동,02-481-1698
교회,열린문교회(암사감리교회),서울시 강동구 암사18길 29 (암사동),암사동,02-441-1236
교회,영광중앙교회,서울시 강동구 고덕로20마길 33 (암사동),암사동,02-442-3426
교회,예수원교회,서울시 강동구 구천면로47길 78 (암사동),암사동,02-441-2087
교회,온누리중앙교회,서울시 강동구 암사길 53 (암사동),암사동,070-8222-6420
교회,우리교회(구 삼일교회),서울시 강동구 고덕로10길 10 (암사동),암사동,02-427-4001
교회,은성중앙교회,서울시 강동구 구천면로47길 29 (암사동),암사동,02-429-2847
교회,임재교회,서울시 강동구 암사길 29 (암사동),암사동,02-429-5350
교회,주안교회,서울시 강동구 구천면로 371-5 (암사동),암사동,02-428-2111
교회,평강교회,"서울시 강동구 고덕로10길 54, 3층 (암사동)",암사동,02-481-2004
교회,포도원교회,서울시 강동구 상암로 89 (암사동),암사동,
교회,하늘빛교회,서울시 강동구 암사길 72-1(남강빌딩) (암사동),암사동,02-426-1045
교회,하늘영광교회,서울시 강동구 고덕로20길 5 (암사동),암사동,02-2296-1586
교회,한소망교회,서울시 강동구 고덕로24길 19-11 (암사동),암사동,02-442-1577
교회,행복한교회,서울시 강동구 구천면로47길 57 (암사동),암사동,02-442-0709
교회,나실교회,서울시 강동구 상암로5길 49 (암사동),암사동,02-3426-1187
교회,살롬교회,서울시 강동구 상암로3길 12 (암사동),암사동,02-441-9002
교회,샘물교회,서울시 강동구 상암로 14 (암사동),암사동,02-3427-1577
교회,서울안디옥교회,서울시 강동구 올림픽로 813 (암사동),암사동,02-429-0690
교회,신암교회,서울시 강동구 올림픽로 93길 20 (암사동),암사동,02-481-5051
교회,신창교회,서울시 강동구 상암로3길 42 (암사동),암사동,02-428-5030
교회,우리교회,서울시 강동구 상암로4길 11 (암사동),암사동,02-427-8090
교회,좋은교회,서울시 강동구 상암로 20 (암사동),암사동,02-427-5232
교회,주마음교회,서울시 강동구 상암로5길 84 (암사동),암사동,02-427-9101
교회,평안한교회,서울시 강동구 상암로3길 18 (암사동),암사동,
교회,한빛교회,서울시 강동구 상암로4가길 11 (암사동),암사동,02-3427-8413
교회,늘복된교회,서울시 강동구 고덕로99 (암사동),암사동,
교회,성약교회,서울시 강동구 아리수로 68 (암사동),암사동,
교회,신암교회,서울시 강동구 올림픽로104길20 (암사동),암사동,
교회,암사제일교회,서울시 강동구 고덕로 77 (암사동),암사동,
교회,열린문교회,서울시 강동구 올림픽로104길42 (암사동),암사동,02-441-1236
교회,은성교회,서울시 강동구 고덕로79 (암사동),암사동,
교회,하사랑교회,서울시 강동구 아리수로25길76 (암사동),암사동,
교회,한일성서교회,"서울시 강동구 고덕로27길28 (암사동, 현대홈타운@상가",암사동,
교회,큰무리,서울시 강동구 암사동 446-25,암사동,
교회,동신교회,서울시 강동구 구천면로 324 (천호동),천호동,02-472-5618
교회,번성교회,서울시 강동구 상암로 120 (천호동),천호동,
교회,벧엘교회,서울시 강동구 구천면로 344-1 (천호동),천호동,02-471-8545
교회,벧엘중앙교회,서울시 강동구 구천면로62길 24 (천호동),천호동,02-436-3097
교회,사랑의교회,서울시 강동구 상암로 124 (천호동),천호동,
교회,삼일교회,서울시 강동구 양재대로125길 29 (천호동),천호동,02-474-1484
교회,새삶교회,서울시 강동구 구천면로 284 (천호동),천호동,02-488-1112
교회,성광교회,서울시 강동구 구천면로60길 46-9 (천호동),천호동,02-477-1522
교회,성암교회,서울시 강동구 구천면로68길 7 (천호동),천호동,02-475-9191
교회,성인교회,서울시 강동구 양재대로133길 23 (천호동),천호동,02-476-2171
교회,에벤에셀교회,서울시 강동구 상암로 133 (천호동),천호동,
교회,열린비전교회,서울시 강동구 구천면로 396 (천호동),천호동,02-459-5189
교회,임마누엘장로교회,서울시 강동구 상암로 126 (천호동),천호동,02-477-9112
교회,주찬양교회,서울시 강동구 구천면로42길 22 (천호동),천호동,02-476-0691
교회,천호제일교회,서울시 강동구 천중로27길 51 (천호동),천호동,02-473-6431
교회,초대교회,서울시 강동구 상암로27나길 13 (천호동),천호동,02-477-1004
교회,호산나교회,서울시 강동구 구천면로48길 8 (천호동),천호동,
교회,화평교회,서울시 강동구 구천면로 366 (천호동),천호동,02-478-7646
교회,강은교회,서울시 강동구 천중로15가길 18 (천호동),천호동,02-488-0375
교회,대신교회,서울시 강동구 천중로23길 53 (천호동),천호동,
교회,동서중앙교회,서울시 강동구 올림픽로87길 15 (천호동),천호동,
교회,동원교회,서울시 강동구 올림픽로 760 (천호동),천호동,
교회,로뎀교회,서울시 강동구 천중로12길 27 (천호동),천호동,
교회,명성교회,서울시 강동구 올림픽로 88길 28 (천호동),천호동,
교회,새샘교회,서울시 강동구 구천면로33길 43 (천호동),천호동,
교회,성도순복음교회,서울시 강동구 상암로12길 10 (천호동),천호동,
교회,엘림교회,"서울시 강동구 구천면로 156, 4층 (천호동)",천호동,
교회,영광교회,서울시 강동구 올림픽로 734 (천호동),천호동,
교회,예성교회,서울시 강동구 구천면로41길 63 (천호동),천호동,
교회,천호동중앙교회,서울시 강동구 올림픽로77길 46-9 (천호동),천호동,
교회,천호침례교회,서울시 강동구 구천면로 283 (천호동),천호동,
교회,평안교회,서울시 강동구 올림픽로88길 11 (천호동),천호동,
교회,평화교회,서울시 강동구 천중로16길 9 (천호동),천호동,
교회,강동교회,서울시 강동구  성안로25길 6 (천호동),천호동,02-482-0094
교회,강동교회,서울시 강동구 진황도로27길 8 (천호동),천호동,02-474-0185
교회,광명교회,서울시 강동구 진황도로27길 36 (천호동),천호동,02-470-9784
교회,동광교회,서울시 강동구 구천면로30길 6 (천호동),천호동,02-483-5712
교회,동선교회,서울시 강동구 천중로 165 (천호동),천호동,02-488-5957
교회,삼광교회,서울시 강동구  진황도로27가길 17 (천호동),천호동,02-478-2379
교회,신일교회,서울시 강동구 천중로43길 12 (천호동),천호동,02-477-2005
교회,온누리교회,서울시 강동구 천호대로157길 14 (천호동),천호동,02-475-9686
교회,천호교회,서울시 강동구 구천면로34길 26 (천호동),천호동,02-472-0012
교회,평원교회,서울시 강동구  천중로35길 45 (천호동),천호동,02-477-3471
교회,성신교회,서울시 강동구 천호동 290-39,천호동,
교회,엘림교회,"서울시 강동구 천호동 397-99, 3층 ",천호동,
교회,한양교회,서울시 천호동 39-2,천호동,02-486-1160
사찰,동명불원,서울시 강동구  상암로5길 7(암사동 502-7),암사동,02-3427-0108
사찰,금화사,서울시 강동구 아리수로93길 61(강일동 300-2),강일동,02-429-1488
사찰,바위절,서울시 강동구 아리수로25가길 8-12(암사동 267-13),암사동,02-3428-9889
사찰,정법사(이전),"서울시 강동구 올림픽로 759(암사동513-32,6층)",암사동,02-3426-8327
사찰,감로사,서울시 강동구 강동대로51길 85-1(성내동 434-5),성내동,02-473-9713
사찰,불광정사,서울시 강동구 천호대로 1170(둔촌2동 66-1),둔촌동,
사찰,마하연,서울시 강동구 길동 산1-1삼익파크 상가2층,길동,02-477-9986
사찰,대흥사,서울시 강동구 천호대로203길 7(길동 173),길동,02-482-1122
사찰,약사포교원,서울시 강동구 천호대로 1131 (길동 457-4 삼양빌딩502호),길동,02-488-0546
사찰,감탄사,서울시 강동구 진황도로23길 20-5(천호3동 540-5),천호동,02-475-6496
사찰,광불사,서울시 강동구 진황도로68길 66(둔촌동 200-2),강일동,02-482-2080
사찰,구강사,서울시 강동구 천중로 64(천호동 363),강일동,02-479-4450
사찰,동명사,서울시 강동구 천호대로1358번길 144-31 (하남시 초이동 16), ,02-427-7088
사찰,보성사,서울시 강동구 동남로610(둔촌동 산7번지),둔촌동,02-473-2323
사찰,불광선원,서울시 강동구 고덕(고덕시장 내),고덕동,02-429-1518
사찰,용학사,서울시 강동구 동남로85길 88-3(고덕동 656-8),고덕동,02-426-4830
사찰,정각사,서울시 강동구 상암로 16(암사2동 511-1),암사동,02-481-3635
사찰,관음사,서울시 강동구 양재대로 1657-20(명일동 305-35),명일동,02-3426-7478
사찰,정향사,서울시 강동구 올림픽로112길 63(암사3동 110-1),암사동,02-3426-2603
사찰,지장사,서울시 강동구 천중로35길 99-14(천호동 74-9),천호동,02-485-2952
사찰,원불교 강동교당,서울시 강동구 명일로 269(길동 79-1),길동,02-474-2066
사찰,천불사,서울시 강동구 구천면로47가길 8-16(암사1동 485-25),암사동,02-428-8194
성당,천호동 성당,서울시 강동구 구천면로 236-1,천호동,02-470-5821
성당,명일동 성당,서울시 강동구 양재대로 56길 28,명일동,02-481-0211
성당,고덕동 성당,서울시 강동구 고덕로 83길 68,고덕동,02-429-3421
성당,길  동 성당,서울시 강동구 명일로296,길동,02-488-3561
성당,둔촌동 성당,서울시 강동구 풍성로 241,둔촌동,02-482-1841
성당,암사동 성당,서울시 강동구 암사길 46,암사동,02-442-8511
성당,성내동 성당,서울시 강동구 성내로 15길 58,성내동,02-478-4181
성당,강일동 성당,서울시 강동구 구천면로 236-8,강일동,02-442-1244
성당,풍납동 성당,서울시 강동구 토성로19길 21,풍납동,02-482-8151
